홍유진,heobyeongceol@example.com
지하은,gyeongsuson@example.net
이서윤,coejinho@example.org
김정숙,junyeonggim@example.org
김수진,hyeonjigim@example.com
임시우,anseoyeong@example.org
권현지,ri@example.com
장혜진,gimjihyeon@example.org
노정수,vgim@example.org
이상철,fgo@example.net
이영호,iyeonghwan@example.net
구광수,gojeonghyi@example.org
박수빈,sonyeongsu@example.org
임성수,pi@example.net
김상현,lgim@example.com
최진호,byeongceolgim@example.net
김영진,gimjinu@example.com
이하윤,qgim@example.org
이수빈,hyeonsug19@example.com
이미정,rbag@example.net
박시우,junhyeog21@example.org
김정호,seoyeoni@example.net
신지후,yangjihye@example.net
이주원,zryu@example.net
안유진,pgim@example.org
김영길,gimboram@example.org
전병철,gimsubin@example.net
박지원,sonyeeun@example.com
오은서,iyeongsug@example.com
김선영,jeonghun00@example.com
심중수,jihujang@example.org
김주원,jeoneunjeong@example.net
송현우,sujingim@example.net
강정식,munmiyeong@example.com
김영환,seongsugim@example.org
김성훈,kgim@example.net
유영숙,nhong@example.com
김준서,gimyeonghwan@example.com
한아름,jimin61@example.org
이현우,dohyeonbaeg@example.org
박하윤,yeongmigim@example.org
이정자,baegyeongja@example.com
노영미,caeweon13@example.com
송도윤,minjaecoe@example.org
심준영,yeweonha@example.com
서영철,gimjongsu@example.net
송민준,sanghun27@example.com
권은주,gimsujin@example.org
오영자,minji81@example.net
김성수,ei@example.net
오미경,jinu80@example.com
이성호,iyeongsug@example.com
송순자,seonghyeon02@example.org
김미정,gimhyeonjeong@example.org
김정숙,iyeongja@example.com
황하은,geonu44@example.net
진영환,scoe@example.com
박예준,khwang@example.org
이서연,gyeonghyi81@example.net
김은주,emun@example.org
